PlayerId,TeamAgainstId,GameNumber,PlayerSeconds,PlayerPoints,Player2P,Player2PM,Player3P,Player3PM,Player1P,Player1PM,PlayerRebounds,PlayerORebounds,PlayerDRebounds,PlayerAssists,PlayerSteals,PlayerTurnovers,PlayerFastbreak,PlayerBlocksM,PlayerBlockR,PlayerFaultsM,PlayerFaulsR,PlayerPN,PlayerValue,TeamPoints,Team2P,Team2PM,Team3P,Team3PM,Team1P,Team1PM,TeamRebounds,TeamORebounds,TeamDRebounds,TeamAssists,TeamSteals,TeamTurnovers,TeamFastbreak,TeamBlocksM,TeamBlockR,TeamFaultsM,TeamFaultsR,TeamPN,TeamValue
1015,5,5,1429,7,2,0,3,1,0,0,1,0,1,4,1,1,0,0,0,2,1,-7,8,89,35,23,9,9,19,14,28,6,22,18,7,8,2,3,1,20,21,114,108
1016,5,5,913,3,2,0,1,0,1,0,1,0,1,1,0,1,0,0,0,1,2,-6,3,89,35,23,9,9,19,14,28,6,22,18,7,8,2,3,1,20,21,114,108
1017,5,5,602,1,0,0,0,0,0,0,0,0,0,0,0,0,0,0,0,1,0,1,1,89,35,23,9,9,19,14,28,6,22,18,7,8,2,3,1,20,21,114,108
1018,5,5,1085,6,2,1,3,1,1,1,1,0,1,0,0,1,0,0,0,2,0,2,2,89,35,23,9,9,19,14,28,6,22,18,7,8,2,3,1,20,21,114,108
1019,5,5,1531,9,2,1,3,1,2,1,6,1,5,0,1,1,0,0,0,1,2,-9,13,89,35,23,9,9,19,14,28,6,22,18,7,8,2,3,1,20,21,114,108
1020,5,5,1140,10,5,4,0,0,1,1,4,1,3,0,0,1,0,0,0,2,1,-5,11,89,35,23,9,9,19,14,28,6,22,18,7,8,2,3,1,20,21,114,108
1021,5,5,1518,8,4,3,1,0,1,1,2,0,2,3,0,2,0,0,0,1,3,2,11,89,35,23,9,9,19,14,28,6,22,18,7,8,2,3,1,20,21,114,108
1022,5,5,1134,7,5,2,0,0,4,2,4,1,2,0,1,2,0,0,0,1,3,-3,7,89,35,23,9,9,19,14,28,6,22,18,7,8,2,3,1,20,21,114,108
1023,5,5,47,0,0,0,0,0,0,0,0,0,0,0,0,0,0,0,0,0,0,-1,-1,89,35,23,9,9,19,14,28,6,22,18,7,8,2,3,1,20,21,114,108
1024,5,5,1351,10,5,1,2,0,5,4,3,1,2,2,0,1,0,0,0,3,5,-8,10,89,35,23,9,9,19,14,28,6,22,18,7,8,2,3,1,20,21,114,108
1025,5,5,0,0,0,0,0,0,0,0,0,0,0,0,0,0,0,0,0,0,0,0,0,89,35,23,9,9,19,14,28,6,22,18,7,8,2,3,1,20,21,114,108
1026,5,5,1306,8,3,1,3,1,1,1,2,0,1,0,0,0,0,0,0,0,1,-9,7,89,35,23,9,9,19,14,28,6,22,18,7,8,2,3,1,20,21,114,108
1240,5,5,0,0,0,0,0,0,0,0,0,0,0,0,0,0,0,0,0,0,0,0,0,89,35,23,9,9,19,14,28,6,22,18,7,8,2,3,1,20,21,114,108
1039,11,5,826,9,4,2,2,1,2,2,3,1,2,0,0,0,0,0,0,1,2,12,11,73,35,16,8,8,19,15,28,6,21,14,7,13,1,2,2,19,22,-38,77
1040,11,5,1339,10,2,1,3,1,1,1,2,0,2,3,0,1,0,0,0,1,1,17,12,73,35,16,8,8,19,15,28,6,21,14,7,13,1,2,2,19,22,-38,77
1041,11,5,790,6,3,2,0,0,1,0,3,1,2,0,0,0,0,0,0,3,1,3,8,73,35,16,8,8,19,15,28,6,21,14,7,13,1,2,2,19,22,-38,77
1042,11,5,1137,7,2,1,3,1,1,1,2,0,2,2,0,0,0,0,0,1,1,13,9,73,35,16,8,8,19,15,28,6,21,14,7,13,1,2,2,19,22,-38,77
1043,11,5,499,4,1,0,3,0,0,0,0,0,0,0,0,0,0,0,0,0,0,2,2,73,35,16,8,8,19,15,28,6,21,14,7,13,1,2,2,19,22,-38,77
1044,11,5,1262,7,4,2,1,0,1,1,2,0,1,4,1,1,0,0,0,1,2,20,12,73,35,16,8,8,19,15,28,6,21,14,7,13,1,2,2,19,22,-38,77
1045,11,5,833,3,1,0,1,0,0,0,2,0,1,0,0,0,0,0,0,2,1,2,2,73,35,16,8,8,19,15,28,6,21,14,7,13,1,2,2,19,22,-38,77
1046,11,5,500,4,1,0,2,1,0,0,1,0,1,0,0,0,0,0,0,0,0,4,4,73,35,16,8,8,19,15,28,6,21,14,7,13,1,2,2,19,22,-38,77
1047,11,5,389,2,0,0,0,0,0,0,1,0,0,0,0,0,0,0,0,1,0,5,1,73,35,16,8,8,19,15,28,6,21,14,7,13,1,2,2,19,22,-38,77
1048,11,5,834,4,1,0,2,1,0,0,0,0,0,1,0,0,0,0,0,2,0,-3,3,73,35,16,8,8,19,15,28,6,21,14,7,13,1,2,2,19,22,-38,77
1049,11,5,1122,5,2,1,3,0,0,0,2,0,1,1,1,0,0,0,0,1,1,13,5,73,35,16,8,8,19,15,28,6,21,14,7,13,1,2,2,19,22,-38,77
1050,11,5,1036,13,6,5,0,0,4,3,4,1,3,1,0,0,0,0,0,1,4,14,20,73,35,16,8,8,19,15,28,6,21,14,7,13,1,2,2,19,22,-38,77
1230,11,5,652,6,2,2,0,0,3,2,1,0,1,0,0,1,0,0,0,1,2,1,6,73,35,16,8,8,19,15,28,6,21,14,7,13,1,2,2,19,22,-38,77
1231,11,5,776,5,0,0,1,1,1,1,1,0,0,1,0,0,0,0,0,1,1,5,6,73,35,16,8,8,19,15,28,6,21,14,7,13,1,2,2,19,22,-38,77
1063,7,5,1449,11,4,2,5,1,0,0,2,0,2,4,1,2,0,0,0,2,2,14,10,73,35,19,8,8,15,10,30,7,22,11,5,10,0,2,2,22,20,-30,69
1064,7,5,992,8,3,1,2,0,3,3,1,0,1,3,0,1,0,0,0,1,2,3,9,73,35,19,8,8,15,10,30,7,22,11,5,10,0,2,2,22,20,-30,69
1065,7,5,730,5,3,1,0,0,1,1,2,1,1,0,0,0,0,1,0,1,1,6,6,73,35,19,8,8,15,10,30,7,22,11,5,10,0,2,2,22,20,-30,69
1066,7,5,1139,8,5,3,2,0,1,0,2,0,1,2,1,0,0,0,0,0,1,11,9,73,35,19,8,8,15,10,30,7,22,11,5,10,0,2,2,22,20,-30,69
1067,7,5,1411,9,2,1,5,1,1,1,2,0,2,1,0,0,0,0,0,1,3,10,8,73,35,19,8,8,15,10,30,7,22,11,5,10,0,2,2,22,20,-30,69
1068,7,5,1399,5,2,1,2,0,2,2,5,0,4,1,0,1,0,0,0,0,2,10,9,73,35,19,8,8,15,10,30,7,22,11,5,10,0,2,2,22,20,-30,69
1069,7,5,267,1,1,0,0,0,0,0,1,0,0,0,0,0,0,0,0,0,0,3,1,73,35,19,8,8,15,10,30,7,22,11,5,10,0,2,2,22,20,-30,69
1070,7,5,655,2,1,0,1,0,1,0,2,0,1,1,0,0,0,0,0,1,1,0,4,73,35,19,8,8,15,10,30,7,22,11,5,10,0,2,2,22,20,-30,69
1071,7,5,788,5,1,0,1,0,1,1,2,0,1,0,0,1,0,0,0,2,0,7,4,73,35,19,8,8,15,10,30,7,22,11,5,10,0,2,2,22,20,-30,69
1072,7,5,1503,10,5,3,0,0,5,2,9,2,7,0,0,1,0,0,0,3,4,7,16,73,35,19,8,8,15,10,30,7,22,11,5,10,0,2,2,22,20,-30,69
1073,7,5,806,7,2,1,2,0,2,2,2,0,1,0,0,0,0,0,0,0,2,6,8,73,35,19,8,8,15,10,30,7,22,11,5,10,0,2,2,22,20,-30,69
1074,7,5,794,7,2,1,2,1,0,0,2,1,1,0,0,0,0,0,0,0,0,4,7,73,35,19,8,8,15,10,30,7,22,11,5,10,0,2,2,22,20,-30,69
1241,7,5,63,0,0,0,0,0,0,0,0,0,0,0,0,0,0,0,0,0,0,1,0,73,35,19,8,8,15,10,30,7,22,11,5,10,0,2,2,22,20,-30,69
1097,6,5,1354,10,5,2,3,1,2,1,2,0,1,0,1,1,0,0,0,2,1,-6,6,82,35,20,8,8,21,17,34,7,27,15,6,12,2,2,1,18,22,87,95
1098,6,5,743,2,2,1,0,0,1,0,2,1,1,0,0,0,0,0,0,3,0,-4,1,82,35,20,8,8,21,17,34,7,27,15,6,12,2,2,1,18,22,87,95
1099,6,5,539,3,1,1,0,0,1,0,0,0,0,0,0,1,0,0,0,0,1,-3,2,82,35,20,8,8,21,17,34,7,27,15,6,12,2,2,1,18,22,87,95
1100,6,5,1373,6,3,2,1,0,2,1,2,0,2,2,0,1,0,0,0,1,3,-8,9,82,35,20,8,8,21,17,34,7,27,15,6,12,2,2,1,18,22,87,95
1101,6,5,1323,9,3,1,3,1,2,1,2,0,2,1,0,1,0,0,0,1,4,1,12,82,35,20,8,8,21,17,34,7,27,15,6,12,2,2,1,18,22,87,95
1102,6,5,364,1,0,0,0,0,0,0,0,0,0,0,0,0,0,0,0,0,0,-3,0,82,35,20,8,8,21,17,34,7,27,15,6,12,2,2,1,18,22,87,95
1103,6,5,911,4,1,0,2,1,0,0,1,0,1,0,0,0,0,0,0,2,0,-6,1,82,35,20,8,8,21,17,34,7,27,15,6,12,2,2,1,18,22,87,95
1104,6,5,1015,4,3,1,2,0,0,0,2,0,2,2,0,0,0,0,0,2,1,2,3,82,35,20,8,8,21,17,34,7,27,15,6,12,2,2,1,18,22,87,95
1105,6,5,1465,6,2,0,5,1,1,1,4,2,2,1,0,1,0,0,0,3,1,0,4,82,35,20,8,8,21,17,34,7,27,15,6,12,2,2,1,18,22,87,95
1106,6,5,1314,8,4,2,4,1,0,0,2,1,1,0,0,0,0,0,0,2,0,-5,4,82,35,20,8,8,21,17,34,7,27,15,6,12,2,2,1,18,22,87,95
1107,6,5,1654,15,8,6,0,0,3,1,8,2,6,1,1,2,0,0,0,2,3,-3,22,82,35,20,8,8,21,17,34,7,27,15,6,12,2,2,1,18,22,87,95
1232,6,5,0,0,0,0,0,0,0,0,0,0,0,0,0,0,0,0,0,0,0,0,0,82,35,20,8,8,21,17,34,7,27,15,6,12,2,2,1,18,22,87,95
1239,6,5,0,0,0,0,0,0,0,0,0,0,0,0,0,0,0,0,0,0,0,0,0,82,35,20,8,8,21,17,34,7,27,15,6,12,2,2,1,18,22,87,95
1242,6,5,0,0,0,0,0,0,0,0,0,0,0,0,0,0,0,0,0,0,0,0,0,82,35,20,8,8,21,17,34,7,27,15,6,12,2,2,1,18,22,87,95
1203,15,5,1310,11,5,2,3,1,4,3,3,0,2,2,1,1,0,0,0,2,3,-7,12,91,44,26,8,8,18,13,34,8,26,19,7,13,2,2,2,22,21,63,103
1204,15,5,953,6,3,2,2,0,1,0,2,0,1,0,0,1,0,0,0,3,2,-6,5,91,44,26,8,8,18,13,34,8,26,19,7,13,2,2,2,22,21,63,103
1205,15,5,612,1,0,0,0,0,0,0,0,0,0,0,0,0,0,0,0,1,0,-2,0,91,44,26,8,8,18,13,34,8,26,19,7,13,2,2,2,22,21,63,103
1206,15,5,983,7,4,2,2,0,1,1,3,0,2,1,0,0,0,0,0,1,0,-9,6,91,44,26,8,8,18,13,34,8,26,19,7,13,2,2,2,22,21,63,103
1207,15,5,1545,5,2,1,3,0,0,0,1,0,1,0,0,2,0,0,0,2,1,-7,0,91,44,26,8,8,18,13,34,8,26,19,7,13,2,2,2,22,21,63,103
1208,15,5,1312,3,2,0,2,0,0,0,1,0,1,5,0,2,0,0,0,1,1,-6,3,91,44,26,8,8,18,13,34,8,26,19,7,13,2,2,2,22,21,63,103
1209,15,5,834,6,5,3,0,0,1,0,3,2,1,0,0,0,0,0,0,1,2,-9,6,91,44,26,8,8,18,13,34,8,26,19,7,13,2,2,2,22,21,63,103
1210,15,5,1136,8,2,1,4,1,1,1,1,0,0,0,1,1,0,0,0,3,3,-3,7,91,44,26,8,8,18,13,34,8,26,19,7,13,2,2,2,22,21,63,103
1211,15,5,1553,8,6,2,3,0,2,2,2,0,2,0,0,1,0,0,0,3,2,-12,2,91,44,26,8,8,18,13,34,8,26,19,7,13,2,2,2,22,21,63,103
1212,15,5,406,0,0,0,0,0,1,0,1,0,0,0,0,1,0,0,0,1,1,-2,-2,91,44,26,8,8,18,13,34,8,26,19,7,13,2,2,2,22,21,63,103
1213,15,5,1352,10,4,2,2,0,4,3,9,2,7,0,0,0,0,0,0,0,4,1,18,91,44,26,8,8,18,13,34,8,26,19,7,13,2,2,2,22,21,63,103
1243,15,5,0,0,0,0,0,0,0,0,0,0,0,0,0,0,0,0,0,0,0,0,0,91,44,26,8,8,18,13,34,8,26,19,7,13,2,2,2,22,21,63,103
1244,15,5,0,0,0,0,0,0,0,0,0,0,0,0,0,0,0,0,0,0,0,0,0,91,44,26,8,8,18,13,34,8,26,19,7,13,2,2,2,22,21,63,103
1245,15,5,0,0,0,0,0,0,0,0,0,0,0,0,0,0,0,0,0,0,0,0,0,91,44,26,8,8,18,13,34,8,26,19,7,13,2,2,2,22,21,63,103
1131,12,5,1531,6,3,1,3,0,1,0,3,0,3,2,1,1,0,0,0,1,1,7,8,69,37,18,6,6,18,14,31,9,21,12,5,13,1,2,3,22,21,-56,62
1132,12,5,628,4,0,0,1,1,0,0,1,0,1,0,0,0,0,0,0,1,0,5,3,69,37,18,6,6,18,14,31,9,21,12,5,13,1,2,3,22,21,-56,62
1133,12,5,562,4,1,1,1,0,0,0,1,0,1,0,0,0,0,0,0,1,0,4,4,69,37,18,6,6,18,14,31,9,21,12,5,13,1,2,3,22,21,-56,62
1134,12,5,797,2,0,0,1,0,0,0,1,0,1,0,0,0,0,0,0,1,0,4,3,69,37,18,6,6,18,14,31,9,21,12,5,13,1,2,3,22,21,-56,62
1135,12,5,1038,13,7,4,0,0,6,4,5,2,2,1,0,1,0,0,0,3,5,0,16,69,37,18,6,6,18,14,31,9,21,12,5,13,1,2,3,22,21,-56,62
1136,12,5,1287,11,5,2,2,1,2,2,2,0,2,5,0,2,0,0,0,2,2,5,14,69,37,18,6,6,18,14,31,9,21,12,5,13,1,2,3,22,21,-56,62
1137,12,5,1124,10,6,4,0,0,2,1,5,1,3,1,1,1,0,0,0,2,2,9,14,69,37,18,6,6,18,14,31,9,21,12,5,13,1,2,3,22,21,-56,62
1138,12,5,29,0,0,0,0,0,0,0,0,0,0,0,0,0,0,0,0,0,0,-1,0,69,37,18,6,6,18,14,31,9,21,12,5,13,1,2,3,22,21,-56,62
1139,12,5,1111,10,3,1,4,2,0,0,2,0,2,1,0,1,0,0,0,2,1,8,7,69,37,18,6,6,18,14,31,9,21,12,5,13,1,2,3,22,21,-56,62
1140,12,5,1505,7,5,2,3,0,2,1,1,0,1,5,1,1,0,0,0,1,4,7,9,69,37,18,6,6,18,14,31,9,21,12,5,13,1,2,3,22,21,-56,62
1141,12,5,1292,10,4,3,2,0,0,0,6,1,5,1,0,0,0,0,0,2,0,9,14,69,37,18,6,6,18,14,31,9,21,12,5,13,1,2,3,22,21,-56,62
1142,12,5,559,5,3,2,0,0,0,0,2,1,1,0,0,0,0,1,0,2,0,0,6,69,37,18,6,6,18,14,31,9,21,12,5,13,1,2,3,22,21,-56,62
1235,12,5,532,4,3,1,0,0,1,0,0,0,0,0,0,0,0,0,0,1,1,1,2,69,37,18,6,6,18,14,31,9,21,12,5,13,1,2,3,22,21,-56,62
1085,1,5,1101,5,1,0,3,1,2,1,1,0,1,1,0,1,0,0,0,2,3,3,5,68,38,16,7,7,17,15,28,10,18,10,6,14,1,1,2,22,21,-86,59
1086,1,5,865,1,0,0,1,0,0,0,1,0,0,4,0,1,0,0,0,1,1,-4,4,68,38,16,7,7,17,15,28,10,18,10,6,14,1,1,2,22,21,-86,59
1087,1,5,427,2,1,0,0,0,0,0,1,0,1,0,0,1,0,0,0,1,0,-1,1,68,38,16,7,7,17,15,28,10,18,10,6,14,1,1,2,22,21,-86,59
1088,1,5,7,0,0,0,0,0,0,0,0,0,0,0,0,0,0,0,0,0,0,-1,-1,68,38,16,7,7,17,15,28,10,18,10,6,14,1,1,2,22,21,-86,59
1089,1,5,1576,11,5,2,4,1,3,2,3,1,2,3,1,2,0,0,0,3,4,0,12,68,38,16,7,7,17,15,28,10,18,10,6,14,1,1,2,22,21,-86,59
1090,1,5,1002,8,3,1,2,1,2,1,1,0,1,1,0,3,0,0,0,2,2,-4,3,68,38,16,7,7,17,15,28,10,18,10,6,14,1,1,2,22,21,-86,59
1091,1,5,1051,8,3,1,4,1,0,0,2,0,1,0,0,0,0,0,0,2,0,-4,4,68,38,16,7,7,17,15,28,10,18,10,6,14,1,1,2,22,21,-86,59
1092,1,5,907,3,1,0,1,0,0,0,1,0,1,0,0,0,0,0,0,3,1,2,2,68,38,16,7,7,17,15,28,10,18,10,6,14,1,1,2,22,21,-86,59
1093,1,5,743,3,2,1,0,0,1,0,3,2,1,0,0,0,0,0,0,1,1,0,6,68,38,16,7,7,17,15,28,10,18,10,6,14,1,1,2,22,21,-86,59
1094,1,5,1372,10,8,5,0,0,0,0,4,1,3,1,1,1,0,0,0,3,1,-4,11,68,38,16,7,7,17,15,28,10,18,10,6,14,1,1,2,22,21,-86,59
1095,1,5,1246,8,1,0,5,2,0,0,2,0,1,0,0,0,0,0,0,3,0,1,5,68,38,16,7,7,17,15,28,10,18,10,6,14,1,1,2,22,21,-86,59
1096,1,5,1698,8,5,2,3,1,0,0,2,1,1,1,0,2,1,0,0,1,1,-7,4,68,38,16,7,7,17,15,28,10,18,10,6,14,1,1,2,22,21,-86,59
1191,10,5,837,6,2,1,0,0,2,2,1,0,0,0,1,1,0,0,0,3,2,-4,5,72,34,16,10,10,13,9,26,9,17,15,8,15,1,2,1,25,19,-13,62
1192,10,5,1501,13,5,2,5,2,2,2,2,1,1,0,0,1,0,0,0,3,4,-12,10,72,34,16,10,10,13,9,26,9,17,15,8,15,1,2,1,25,19,-13,62
1193,10,5,80,0,0,0,0,0,0,0,0,0,0,0,0,0,0,0,0,0,0,0,-1,72,34,16,10,10,13,9,26,9,17,15,8,15,1,2,1,25,19,-13,62
1194,10,5,1227,4,2,1,2,0,1,0,1,0,0,1,1,1,0,0,0,1,1,-10,3,72,34,16,10,10,13,9,26,9,17,15,8,15,1,2,1,25,19,-13,62
1195,10,5,1312,6,4,2,0,0,2,1,7,2,5,0,0,1,0,0,0,2,2,-5,10,72,34,16,10,10,13,9,26,9,17,15,8,15,1,2,1,25,19,-13,62
1196,10,5,1093,4,4,1,1,0,0,0,2,0,1,2,0,1,0,0,0,1,1,-7,4,72,34,16,10,10,13,9,26,9,17,15,8,15,1,2,1,25,19,-13,62
1197,10,5,37,0,0,0,0,0,0,0,0,0,0,0,0,0,0,0,0,0,0,-1,0,72,34,16,10,10,13,9,26,9,17,15,8,15,1,2,1,25,19,-13,62
1198,10,5,972,5,4,1,1,0,0,0,2,1,1,0,0,1,0,0,0,2,1,-6,0,72,34,16,10,10,13,9,26,9,17,15,8,15,1,2,1,25,19,-13,62
1199,10,5,1792,10,5,2,4,1,2,2,3,0,2,2,0,2,0,0,0,1,3,-16,10,72,34,16,10,10,13,9,26,9,17,15,8,15,1,2,1,25,19,-13,62
1200,10,5,807,3,2,0,1,0,1,1,2,0,1,0,0,0,0,0,0,2,1,-14,1,72,34,16,10,10,13,9,26,9,17,15,8,15,1,2,1,25,19,-13,62
1201,10,5,1349,8,2,1,3,1,2,1,2,0,1,2,1,1,0,0,0,2,1,-1,8,72,34,16,10,10,13,9,26,9,17,15,8,15,1,2,1,25,19,-13,62
1202,10,5,988,4,3,1,0,0,1,1,3,2,1,0,0,1,0,0,0,1,2,-13,6,72,34,16,10,10,13,9,26,9,17,15,8,15,1,2,1,25,19,-13,62
1108,2,5,1269,9,2,1,4,2,0,0,0,0,0,1,0,1,0,0,0,1,1,0,5,75,37,20,5,5,20,18,31,7,24,13,3,11,1,1,2,20,20,-12,75
1109,2,5,1146,6,0,0,5,1,1,1,3,0,3,2,1,1,0,0,0,1,2,2,9,75,37,20,5,5,20,18,31,7,24,13,3,11,1,1,2,20,20,-12,75
1110,2,5,1647,8,3,1,3,1,3,2,3,0,2,2,1,2,0,0,0,0,3,3,10,75,37,20,5,5,20,18,31,7,24,13,3,11,1,1,2,20,20,-12,75
1111,2,5,958,5,1,1,0,0,3,2,3,1,2,0,0,0,0,0,0,2,3,2,7,75,37,20,5,5,20,18,31,7,24,13,3,11,1,1,2,20,20,-12,75
1112,2,5,1258,5,5,2,0,0,2,1,5,3,2,1,0,0,0,0,0,2,2,3,8,75,37,20,5,5,20,18,31,7,24,13,3,11,1,1,2,20,20,-12,75
1113,2,5,1422,11,5,3,3,1,1,1,6,1,4,1,1,1,0,1,0,3,1,3,11,75,37,20,5,5,20,18,31,7,24,13,3,11,1,1,2,20,20,-12,75
1114,2,5,475,2,0,0,1,0,0,0,0,0,0,0,0,0,0,0,0,1,0,2,0,75,37,20,5,5,20,18,31,7,24,13,3,11,1,1,2,20,20,-12,75
1115,2,5,743,3,1,0,1,0,0,0,2,0,1,0,1,1,0,0,0,1,1,0,3,75,37,20,5,5,20,18,31,7,24,13,3,11,1,1,2,20,20,-12,75
1116,2,5,342,1,1,0,1,0,0,0,0,0,0,0,0,0,0,0,0,0,0,3,2,75,37,20,5,5,20,18,31,7,24,13,3,11,1,1,2,20,20,-12,75
1117,2,5,101,0,0,0,0,0,0,0,0,0,0,0,0,0,0,0,0,0,0,-3,-1,75,37,20,5,5,20,18,31,7,24,13,3,11,1,1,2,20,20,-12,75
1118,2,5,1043,7,6,1,0,0,3,2,4,2,2,0,1,1,0,0,0,2,2,-1,6,75,37,20,5,5,20,18,31,7,24,13,3,11,1,1,2,20,20,-12,75
1119,2,5,1591,15,4,2,7,2,4,3,3,1,2,1,1,2,0,0,0,2,3,-1,13,75,37,20,5,5,20,18,31,7,24,13,3,11,1,1,2,20,20,-12,75
1246,2,5,0,0,0,0,0,0,0,0,0,0,0,0,0,0,0,0,0,0,0,0,0,75,37,20,5,5,20,18,31,7,24,13,3,11,1,1,2,20,20,-12,75
1051,4,5,1234,6,2,1,2,0,2,1,2,0,2,1,0,0,0,0,0,2,1,-6,6,77,33,14,10,10,21,16,34,11,22,12,9,14,1,3,3,20,21,16,77
1052,4,5,368,1,1,0,0,0,0,0,0,0,0,0,0,0,0,0,0,0,0,-1,0,77,33,14,10,10,21,16,34,11,22,12,9,14,1,3,3,20,21,16,77
1053,4,5,0,0,0,0,0,0,0,0,0,0,0,0,0,0,0,0,0,0,0,0,0,77,33,14,10,10,21,16,34,11,22,12,9,14,1,3,3,20,21,16,77
1054,4,5,1720,7,4,1,2,0,3,3,2,0,2,4,0,2,0,0,0,1,4,-3,9,77,33,14,10,10,21,16,34,11,22,12,9,14,1,3,3,20,21,16,77
1055,4,5,1364,11,4,4,1,0,2,2,3,0,3,1,0,0,0,0,0,2,1,4,14,77,33,14,10,10,21,16,34,11,22,12,9,14,1,3,3,20,21,16,77
1056,4,5,1124,7,2,1,3,0,2,2,2,0,2,0,0,1,0,0,0,2,2,-6,5,77,33,14,10,10,21,16,34,11,22,12,9,14,1,3,3,20,21,16,77
1057,4,5,113,0,0,0,0,0,0,0,0,0,0,0,0,0,0,0,0,0,0,-1,-1,77,33,14,10,10,21,16,34,11,22,12,9,14,1,3,3,20,21,16,77
1058,4,5,943,7,2,1,2,1,1,1,1,0,1,0,0,0,0,0,0,1,2,3,6,77,33,14,10,10,21,16,34,11,22,12,9,14,1,3,3,20,21,16,77
1059,4,5,1208,8,6,3,0,0,1,1,4,1,3,1,0,1,0,0,0,3,2,-3,9,77,33,14,10,10,21,16,34,11,22,12,9,14,1,3,3,20,21,16,77
1060,4,5,1451,7,3,2,2,0,0,0,5,1,3,1,0,1,0,0,0,1,0,3,8,77,33,14,10,10,21,16,34,11,22,12,9,14,1,3,3,20,21,16,77
1061,4,5,721,2,2,0,0,0,1,0,3,0,2,1,0,1,0,0,0,2,0,-2,1,77,33,14,10,10,21,16,34,11,22,12,9,14,1,3,3,20,21,16,77
1062,4,5,1417,13,7,3,3,0,4,4,4,1,2,0,0,1,0,0,0,1,4,-4,13,77,33,14,10,10,21,16,34,11,22,12,9,14,1,3,3,20,21,16,77
1233,4,5,333,2,0,0,1,0,0,0,0,0,0,0,0,0,0,0,0,1,0,0,0,77,33,14,10,10,21,16,34,11,22,12,9,14,1,3,3,20,21,16,77
1167,8,5,1008,7,1,0,3,1,2,1,1,0,0,1,0,2,0,0,0,1,2,-2,5,78,43,21,6,6,20,15,31,9,22,19,8,13,2,2,3,20,24,-45,86
1168,8,5,465,1,1,0,1,0,0,0,0,0,0,0,1,0,0,0,0,1,0,-2,1,78,43,21,6,6,20,15,31,9,22,19,8,13,2,2,3,20,24,-45,86
1169,8,5,1135,7,4,2,0,0,2,1,6,1,5,0,0,2,0,0,0,3,2,1,10,78,43,21,6,6,20,15,31,9,22,19,8,13,2,2,3,20,24,-45,86
1170,8,5,1416,6,2,1,2,0,1,1,2,0,2,3,1,2,0,0,0,2,2,0,7,78,43,21,6,6,20,15,31,9,22,19,8,13,2,2,3,20,24,-45,86
1171,8,5,1444,7,4,2,2,0,2,1,5,2,3,0,1,1,0,0,0,2,2,-2,9,78,43,21,6,6,20,15,31,9,22,19,8,13,2,2,3,20,24,-45,86
1172,8,5,1067,5,3,1,2,0,1,1,3,0,2,0,0,0,0,0,0,0,1,0,5,78,43,21,6,6,20,15,31,9,22,19,8,13,2,2,3,20,24,-45,86
1173,8,5,952,2,1,0,1,0,1,0,1,0,1,1,0,1,0,0,0,0,1,-4,2,78,43,21,6,6,20,15,31,9,22,19,8,13,2,2,3,20,24,-45,86
1174,8,5,275,3,0,0,0,0,1,1,0,0,0,0,0,0,0,0,0,0,0,4,3,78,43,21,6,6,20,15,31,9,22,19,8,13,2,2,3,20,24,-45,86
1175,8,5,1429,10,4,2,4,1,1,1,1,0,0,1,1,1,0,0,0,1,1,6,8,78,43,21,6,6,20,15,31,9,22,19,8,13,2,2,3,20,24,-45,86
1176,8,5,794,6,2,0,3,0,2,2,1,0,1,2,1,1,0,0,0,2,2,2,3,78,43,21,6,6,20,15,31,9,22,19,8,13,2,2,3,20,24,-45,86
1177,8,5,1097,3,4,1,0,0,2,0,5,1,3,0,0,1,0,1,0,1,1,3,5,78,43,21,6,6,20,15,31,9,22,19,8,13,2,2,3,20,24,-45,86
1178,8,5,1213,11,5,3,2,0,4,3,3,1,1,1,0,1,0,0,0,1,3,-3,12,78,43,21,6,6,20,15,31,9,22,19,8,13,2,2,3,20,24,-45,86
1237,8,5,0,0,0,0,0,0,0,0,0,0,0,0,0,0,0,0,0,0,0,0,0,78,43,21,6,6,20,15,31,9,22,19,8,13,2,2,3,20,24,-45,86
1120,14,5,1251,8,2,1,3,1,1,1,1,0,1,2,1,1,0,0,0,1,2,-3,9,72,36,17,7,7,23,15,32,9,23,14,9,15,2,2,3,19,23,8,74
1121,14,5,547,3,2,0,1,0,0,0,0,0,0,0,0,0,0,0,0,1,1,-2,1,72,36,17,7,7,23,15,32,9,23,14,9,15,2,2,3,19,23,8,74
1122,14,5,1837,11,5,2,3,1,5,4,1,0,0,5,1,1,0,0,0,2,4,-6,13,72,36,17,7,7,23,15,32,9,23,14,9,15,2,2,3,19,23,8,74
1123,14,5,217,0,0,0,0,0,0,0,1,0,1,0,0,0,0,0,0,0,0,-1,1,72,36,17,7,7,23,15,32,9,23,14,9,15,2,2,3,19,23,8,74
1124,14,5,790,8,5,3,1,0,1,0,2,1,1,0,0,0,0,0,0,1,1,-9,7,72,36,17,7,7,23,15,32,9,23,14,9,15,2,2,3,19,23,8,74
1125,14,5,758,4,3,1,0,0,0,0,2,0,1,0,0,0,0,0,0,2,1,-1,4,72,36,17,7,7,23,15,32,9,23,14,9,15,2,2,3,19,23,8,74
1126,14,5,1232,8,4,2,0,0,2,1,3,1,2,1,1,1,0,0,0,1,1,-10,9,72,36,17,7,7,23,15,32,9,23,14,9,15,2,2,3,19,23,8,74
1127,14,5,1554,10,4,2,3,1,2,1,4,0,3,1,0,2,0,0,0,3,3,-6,7,72,36,17,7,7,23,15,32,9,23,14,9,15,2,2,3,19,23,8,74
1128,14,5,1557,9,3,2,3,1,0,0,6,2,4,3,0,1,0,0,0,0,1,-4,16,72,36,17,7,7,23,15,32,9,23,14,9,15,2,2,3,19,23,8,74
1129,14,5,1270,6,4,2,3,0,2,2,1,0,1,2,0,2,0,0,0,3,3,-7,2,72,36,17,7,7,23,15,32,9,23,14,9,15,2,2,3,19,23,8,74
1130,14,5,1282,9,6,3,0,0,3,2,5,2,3,0,1,0,0,1,0,2,3,-1,14,72,36,17,7,7,23,15,32,9,23,14,9,15,2,2,3,19,23,8,74
1228,14,5,0,0,0,0,0,0,0,0,0,0,0,0,0,0,0,0,0,0,0,0,0,72,36,17,7,7,23,15,32,9,23,14,9,15,2,2,3,19,23,8,74
1229,14,5,0,0,0,0,0,0,0,0,0,0,0,0,0,0,0,0,0,0,0,0,0,72,36,17,7,7,23,15,32,9,23,14,9,15,2,2,3,19,23,8,74
1238,14,5,0,0,0,0,0,0,0,0,0,0,0,0,0,0,0,0,0,0,0,0,0,72,36,17,7,7,23,15,32,9,23,14,9,15,2,2,3,19,23,8,74
1143,9,5,663,6,2,1,2,1,0,0,1,0,0,1,0,1,0,0,0,2,0,0,3,79,33,18,9,9,15,12,32,8,24,14,10,13,3,3,3,21,19,45,86
1144,9,5,58,0,0,0,0,0,0,0,0,0,0,0,0,0,0,0,0,0,0,-1,0,79,33,18,9,9,15,12,32,8,24,14,10,13,3,3,3,21,19,45,86
1145,9,5,1218,6,1,0,2,1,2,1,1,0,1,4,0,1,0,0,0,1,1,0,9,79,33,18,9,9,15,12,32,8,24,14,10,13,3,3,3,21,19,45,86
1146,9,5,415,0,0,0,0,0,0,0,1,0,1,0,0,0,0,0,0,1,0,0,-1,79,33,18,9,9,15,12,32,8,24,14,10,13,3,3,3,21,19,45,86
1147,9,5,791,2,2,1,1,0,0,0,1,0,1,0,1,1,0,0,0,1,0,2,0,79,33,18,9,9,15,12,32,8,24,14,10,13,3,3,3,21,19,45,86
1148,9,5,1179,14,7,4,2,0,3,3,6,1,4,0,1,1,0,0,0,2,3,8,16,79,33,18,9,9,15,12,32,8,24,14,10,13,3,3,3,21,19,45,86
1149,9,5,1165,5,1,1,1,0,2,1,2,0,2,4,1,1,0,0,0,2,2,9,10,79,33,18,9,9,15,12,32,8,24,14,10,13,3,3,3,21,19,45,86
1150,9,5,1671,12,1,0,5,2,4,3,1,0,1,2,0,0,0,0,0,1,4,9,15,79,33,18,9,9,15,12,32,8,24,14,10,13,3,3,3,21,19,45,86
1151,9,5,1301,9,3,2,2,0,3,2,4,0,4,1,1,1,0,0,0,1,4,5,12,79,33,18,9,9,15,12,32,8,24,14,10,13,3,3,3,21,19,45,86
1152,9,5,927,4,1,0,2,0,0,0,2,0,2,0,0,1,0,0,0,2,1,4,4,79,33,18,9,9,15,12,32,8,24,14,10,13,3,3,3,21,19,45,86
1153,9,5,1279,13,7,4,2,1,1,1,4,1,3,0,0,0,0,0,0,1,1,2,14,79,33,18,9,9,15,12,32,8,24,14,10,13,3,3,3,21,19,45,86
1154,9,5,1329,7,5,2,0,0,1,0,5,2,2,2,0,1,0,0,0,2,1,4,8,79,33,18,9,9,15,12,32,8,24,14,10,13,3,3,3,21,19,45,86
1247,9,5,0,0,0,0,0,0,0,0,0,0,0,0,0,0,0,0,0,0,0,0,0,79,33,18,9,9,15,12,32,8,24,14,10,13,3,3,3,21,19,45,86
1214,18,5,1140,11,4,2,3,1,2,2,1,0,1,1,1,1,0,0,0,1,2,4,10,81,34,19,9,9,18,15,32,6,25,18,7,12,3,2,1,20,20,48,95
1215,18,5,0,0,0,0,0,0,0,0,0,0,0,0,0,0,0,0,0,0,0,0,0,81,34,19,9,9,18,15,32,6,25,18,7,12,3,2,1,20,20,48,95
1216,18,5,1709,9,3,1,4,1,1,1,2,0,2,2,2,1,0,0,0,2,3,9,10,81,34,19,9,9,18,15,32,6,25,18,7,12,3,2,1,20,20,48,95
1217,18,5,260,1,1,0,0,0,0,0,1,0,0,0,0,0,0,0,0,0,0,3,2,81,34,19,9,9,18,15,32,6,25,18,7,12,3,2,1,20,20,48,95
1218,18,5,1163,5,3,2,1,0,1,1,3,0,2,1,1,1,0,0,0,2,1,5,6,81,34,19,9,9,18,15,32,6,25,18,7,12,3,2,1,20,20,48,95
1219,18,5,1488,11,3,3,1,0,3,3,8,1,6,2,0,1,0,0,0,3,4,3,21,81,34,19,9,9,18,15,32,6,25,18,7,12,3,2,1,20,20,48,95
1220,18,5,1068,7,3,1,2,0,2,1,1,0,1,1,1,1,0,0,0,2,2,2,5,81,34,19,9,9,18,15,32,6,25,18,7,12,3,2,1,20,20,48,95
1221,18,5,876,1,1,0,0,0,0,0,4,1,3,0,0,0,0,1,0,3,1,4,3,81,34,19,9,9,18,15,32,6,25,18,7,12,3,2,1,20,20,48,95
1222,18,5,1556,8,5,3,1,0,1,0,5,1,3,1,1,1,0,0,0,2,0,8,9,81,34,19,9,9,18,15,32,6,25,18,7,12,3,2,1,20,20,48,95
1223,18,5,1415,16,4,3,7,3,1,1,2,0,1,3,1,4,1,0,0,1,1,6,11,81,34,19,9,9,18,15,32,6,25,18,7,12,3,2,1,20,20,48,95
1224,18,5,744,4,0,0,3,1,0,0,1,0,0,0,0,0,0,0,0,1,0,-3,3,81,34,19,9,9,18,15,32,6,25,18,7,12,3,2,1,20,20,48,95
1225,18,5,0,0,0,0,0,0,0,0,0,0,0,0,0,0,0,0,0,0,0,0,0,81,34,19,9,9,18,15,32,6,25,18,7,12,3,2,1,20,20,48,95
1226,18,5,575,2,1,0,1,0,0,0,2,0,1,0,0,0,0,0,0,1,0,-1,2,81,34,19,9,9,18,15,32,6,25,18,7,12,3,2,1,20,20,48,95
1155,3,5,4,0,0,0,0,0,0,0,0,0,0,0,0,0,0,0,0,0,0,-1,-1,73,32,16,9,9,12,11,27,8,19,14,6,13,0,2,1,25,19,-14,67
1156,3,5,1745,13,6,2,2,1,5,4,6,1,4,1,0,1,0,0,0,2,5,3,16,73,32,16,9,9,12,11,27,8,19,14,6,13,0,2,1,25,19,-14,67
1157,3,5,1291,14,4,2,4,2,4,3,2,0,2,3,2,2,0,0,0,3,5,1,17,73,32,16,9,9,12,11,27,8,19,14,6,13,0,2,1,25,19,-14,67
1158,3,5,1443,8,3,0,4,1,2,1,1,0,1,1,0,0,0,0,0,3,2,3,4,73,32,16,9,9,12,11,27,8,19,14,6,13,0,2,1,25,19,-14,67
1159,3,5,1193,4,2,1,2,0,1,1,1,0,1,2,0,1,0,0,0,2,1,-1,4,73,32,16,9,9,12,11,27,8,19,14,6,13,0,2,1,25,19,-14,67
1160,3,5,652,2,3,1,0,0,0,0,2,1,1,0,0,0,0,0,0,1,0,-2,0,73,32,16,9,9,12,11,27,8,19,14,6,13,0,2,1,25,19,-14,67
1161,3,5,635,2,1,0,0,0,3,1,2,1,1,0,0,1,0,0,0,2,2,-8,2,73,32,16,9,9,12,11,27,8,19,14,6,13,0,2,1,25,19,-14,67
1162,3,5,0,0,0,0,0,0,0,0,0,0,0,0,0,0,0,0,0,0,0,0,0,73,32,16,9,9,12,11,27,8,19,14,6,13,0,2,1,25,19,-14,67
1163,3,5,1048,4,0,0,3,1,0,0,1,0,0,0,0,0,0,0,0,2,0,-2,0,73,32,16,9,9,12,11,27,8,19,14,6,13,0,2,1,25,19,-14,67
1164,3,5,1758,9,5,3,0,0,4,3,7,2,4,0,1,2,0,0,0,3,4,6,14,73,32,16,9,9,12,11,27,8,19,14,6,13,0,2,1,25,19,-14,67
1165,3,5,1348,9,1,0,4,2,1,1,3,1,2,0,0,0,0,0,0,3,1,0,9,73,32,16,9,9,12,11,27,8,19,14,6,13,0,2,1,25,19,-14,67
1166,3,5,0,0,0,0,0,0,0,0,0,0,0,0,0,0,0,0,0,0,0,0,0,73,32,16,9,9,12,11,27,8,19,14,6,13,0,2,1,25,19,-14,67
1234,3,5,878,7,1,1,3,1,0,0,1,0,0,0,0,0,0,0,0,1,0,0,6,73,32,16,9,9,12,11,27,8,19,14,6,13,0,2,1,25,19,-14,67
1027,13,5,1195,9,5,3,0,0,2,2,5,1,3,0,1,1,0,1,0,3,2,5,13,76,30,13,10,10,23,18,29,9,20,11,7,11,1,2,2,25,23,3,74
1028,13,5,1444,6,4,1,3,1,0,0,3,1,2,1,0,2,0,0,0,3,0,0,1,76,30,13,10,10,23,18,29,9,20,11,7,11,1,2,2,25,23,3,74
1029,13,5,217,2,0,0,0,0,0,0,0,0,0,0,0,0,0,0,0,0,0,-4,1,76,30,13,10,10,23,18,29,9,20,11,7,11,1,2,2,25,23,3,74
1030,13,5,1197,8,1,0,5,1,2,2,0,0,0,1,0,0,0,0,0,2,4,-1,7,76,30,13,10,10,23,18,29,9,20,11,7,11,1,2,2,25,23,3,74
1031,13,5,0,0,0,0,0,0,0,0,0,0,0,0,0,0,0,0,0,0,0,0,0,76,30,13,10,10,23,18,29,9,20,11,7,11,1,2,2,25,23,3,74
1032,13,5,1290,11,3,2,4,1,2,1,3,0,2,2,1,2,0,0,0,1,3,0,11,76,30,13,10,10,23,18,29,9,20,11,7,11,1,2,2,25,23,3,74
1033,13,5,1013,4,4,2,0,0,0,0,3,1,2,1,0,0,0,0,0,4,0,-4,2,76,30,13,10,10,23,18,29,9,20,11,7,11,1,2,2,25,23,3,74
1034,13,5,1757,14,5,2,5,2,2,2,4,1,2,1,0,1,0,0,0,2,3,-1,12,76,30,13,10,10,23,18,29,9,20,11,7,11,1,2,2,25,23,3,74
1035,13,5,1429,6,2,1,2,1,0,0,3,1,2,2,1,1,0,0,0,2,1,-2,7,76,30,13,10,10,23,18,29,9,20,11,7,11,1,2,2,25,23,3,74
1036,13,5,356,1,0,0,0,0,0,0,1,0,0,0,0,0,0,0,0,0,1,-4,1,76,30,13,10,10,23,18,29,9,20,11,7,11,1,2,2,25,23,3,74
1037,13,5,1099,7,3,2,2,0,1,1,1,0,1,2,0,1,0,0,0,2,2,-4,7,76,30,13,10,10,23,18,29,9,20,11,7,11,1,2,2,25,23,3,74
1038,13,5,999,3,0,0,3,1,0,0,2,0,1,0,0,0,0,0,0,1,0,-3,3,76,30,13,10,10,23,18,29,9,20,11,7,11,1,2,2,25,23,3,74
1179,16,5,1293,11,6,3,2,1,1,1,2,0,1,0,1,0,0,0,0,1,2,1,11,63,34,17,5,5,14,12,22,5,17,11,5,14,0,1,2,20,18,-127,53
1180,16,5,1498,5,2,1,3,0,0,0,2,0,2,5,1,1,0,0,0,1,1,4,8,63,34,17,5,5,14,12,22,5,17,11,5,14,0,1,2,20,18,-127,53
1181,16,5,1268,4,3,1,0,0,1,0,3,1,2,1,0,1,0,0,0,3,1,5,4,63,34,17,5,5,14,12,22,5,17,11,5,14,0,1,2,20,18,-127,53
1182,16,5,56,0,0,0,0,0,0,0,0,0,0,0,0,0,0,0,0,0,0,0,0,63,34,17,5,5,14,12,22,5,17,11,5,14,0,1,2,20,18,-127,53
1183,16,5,1085,6,4,2,0,0,1,1,3,1,2,1,0,1,0,0,0,2,1,1,8,63,34,17,5,5,14,12,22,5,17,11,5,14,0,1,2,20,18,-127,53
1184,16,5,767,7,3,1,2,1,1,0,0,0,0,0,1,1,0,0,0,0,1,2,5,63,34,17,5,5,14,12,22,5,17,11,5,14,0,1,2,20,18,-127,53
1185,16,5,1439,17,6,2,4,3,3,2,3,1,2,0,0,2,0,0,0,1,4,5,18,63,34,17,5,5,14,12,22,5,17,11,5,14,0,1,2,20,18,-127,53
1186,16,5,1336,9,4,1,3,1,3,3,3,1,2,1,0,0,0,0,0,2,2,6,9,63,34,17,5,5,14,12,22,5,17,11,5,14,0,1,2,20,18,-127,53
1187,16,5,73,0,0,0,0,0,0,0,0,0,0,0,0,0,0,0,0,0,0,-1,0,63,34,17,5,5,14,12,22,5,17,11,5,14,0,1,2,20,18,-127,53
1188,16,5,1814,12,6,3,2,1,3,3,5,1,4,1,1,0,0,0,0,2,2,6,16,63,34,17,5,5,14,12,22,5,17,11,5,14,0,1,2,20,18,-127,53
1189,16,5,827,1,1,0,1,0,0,0,1,0,1,3,0,1,0,0,0,2,2,3,2,63,34,17,5,5,14,12,22,5,17,11,5,14,0,1,2,20,18,-127,53
1190,16,5,527,1,0,0,0,0,0,0,1,1,0,0,0,0,0,0,0,1,0,0,1,63,34,17,5,5,14,12,22,5,17,11,5,14,0,1,2,20,18,-127,53
1236,16,5,13,0,0,0,0,0,0,0,0,0,0,0,0,0,0,0,0,0,0,-1,-1,63,34,17,5,5,14,12,22,5,17,11,5,14,0,1,2,20,18,-127,53
1075,17,5,1068,7,1,1,3,1,2,2,0,0,0,2,0,1,0,0,0,1,3,-13,6,76,38,19,8,8,17,13,28,8,19,17,7,10,2,1,1,19,20,36,86
1076,17,5,1728,8,7,3,1,0,1,1,4,1,2,0,1,2,0,0,0,3,1,-24,3,76,38,19,8,8,17,13,28,8,19,17,7,10,2,1,1,19,20,36,86
1077,17,5,1364,8,4,2,3,0,1,1,3,1,2,0,0,0,0,0,0,1,0,-14,6,76,38,19,8,8,17,13,28,8,19,17,7,10,2,1,1,19,20,36,86
1078,17,5,107,0,0,0,0,0,0,0,0,0,0,0,0,0,0,0,0,0,0,-3,-1,76,38,19,8,8,17,13,28,8,19,17,7,10,2,1,1,19,20,36,86
1079,17,5,422,0,1,0,0,0,0,0,0,0,0,0,0,1,0,0,0,1,0,-6,-2,76,38,19,8,8,17,13,28,8,19,17,7,10,2,1,1,19,20,36,86
1080,17,5,1329,10,3,2,3,1,2,2,1,0,1,1,0,1,0,0,0,1,3,-10,10,76,38,19,8,8,17,13,28,8,19,17,7,10,2,1,1,19,20,36,86
1081,17,5,1697,5,2,1,2,0,1,1,2,0,2,4,0,2,0,0,0,1,2,-17,9,76,38,19,8,8,17,13,28,8,19,17,7,10,2,1,1,19,20,36,86
1082,17,5,1367,8,5,2,0,0,3,2,1,0,0,1,0,2,0,0,0,3,5,-15,6,76,38,19,8,8,17,13,28,8,19,17,7,10,2,1,1,19,20,36,86
1083,17,5,705,2,1,0,0,0,0,0,2,0,1,0,0,0,0,0,0,2,0,-6,2,76,38,19,8,8,17,13,28,8,19,17,7,10,2,1,1,19,20,36,86
1084,17,5,1319,8,3,2,3,1,1,1,3,0,2,1,0,1,0,0,0,2,1,-17,7,76,38,19,8,8,17,13,28,8,19,17,7,10,2,1,1,19,20,36,86
1227,17,5,890,4,3,1,2,0,0,0,2,0,1,0,0,0,0,0,0,1,0,-8,1,76,38,19,8,8,17,13,28,8,19,17,7,10,2,1,1,19,20,36,86
1248,17,5,0,0,0,0,0,0,0,0,0,0,0,0,0,0,0,0,0,0,0,0,0,76,38,19,8,8,17,13,28,8,19,17,7,10,2,1,1,19,20,36,86
